[
  {
    "id": "O-277449",
    "used": true,
    "createdAt": "2025-07-14T11:52:04.862Z"
  },
  {
    "id": "O-278466",
    "used": false,
    "createdAt": "2025-07-15T01:57:43.446Z"
  },
  {
    "id": "O-278467",
    "used": false,
    "createdAt": "2025-07-15T02:25:43.050Z"
  },
  {
    "id": "O-278468",
    "used": false,
    "createdAt": "2025-07-15T02:32:13.553Z"
  },
  {
    "id": "O-278469",
    "used": false,
    "createdAt": "2025-07-15T02:35:48.559Z"
  },
  {
    "id": "O-278470",
    "used": false,
    "createdAt": "2025-07-15T02:45:07.827Z"
  },
  {
    "id": "O-278471",
    "used": false,
    "createdAt": "2025-07-15T02:45:32.286Z"
  },
  {
    "id": "O-278472",
    "used": false,
    "createdAt": "2025-07-15T02:45:51.809Z"
  },
  {
    "id": "O-278473",
    "used": false,
    "createdAt": "2025-07-15T02:49:17.381Z"
  },
  {
    "id": "O-278474",
    "used": false,
    "createdAt": "2025-07-15T02:49:21.021Z"
  },
  {
    "id": "O-278475",
    "used": false,
    "createdAt": "2025-07-15T02:49:24.661Z"
  },
  {
    "id": "O-278476",
    "used": false,
    "createdAt": "2025-07-15T02:49:28.281Z"
  },
  {
    "id": "O-278477",
    "used": false,
    "createdAt": "2025-07-15T02:49:31.941Z"
  },
  {
    "id": "O-278483",
    "used": false,
    "createdAt": "2025-07-15T08:27:52.600Z"
  },
  {
    "id": "O-278484",
    "used": false,
    "createdAt": "2025-07-15T08:27:56.307Z"
  },
  {
    "id": "O-278485",
    "used": false,
    "createdAt": "2025-07-15T08:27:59.895Z"
  },
  {
    "id": "O-278486",
    "used": false,
    "createdAt": "2025-07-15T08:28:03.540Z"
  },
  {
    "id": "O-278487",
    "used": false,
    "createdAt": "2025-07-15T08:28:07.117Z"
  },
  {
    "id": "O-278488",
    "used": false,
    "createdAt": "2025-07-15T08:28:24.048Z"
  },
  {
    "id": "O-278489",
    "used": false,
    "createdAt": "2025-07-15T08:28:27.665Z"
  },
  {
    "id": "O-278490",
    "used": false,
    "createdAt": "2025-07-15T08:28:31.229Z"
  },
  {
    "id": "O-278491",
    "used": false,
    "createdAt": "2025-07-15T08:28:34.772Z"
  },
  {
    "id": "O-278492",
    "used": false,
    "createdAt": "2025-07-15T08:28:38.425Z"
  },
  {
    "id": "O-278493",
    "used": false,
    "createdAt": "2025-07-15T08:29:23.789Z"
  },
  {
    "id": "O-278494",
    "used": false,
    "createdAt": "2025-07-15T08:29:27.409Z"
  },
  {
    "id": "O-278495",
    "used": false,
    "createdAt": "2025-07-15T08:29:30.991Z"
  },
  {
    "id": "O-278496",
    "used": false,
    "createdAt": "2025-07-15T08:29:34.742Z"
  },
  {
    "id": "O-278497",
    "used": false,
    "createdAt": "2025-07-15T08:29:38.337Z"
  }
]